<component size="615,387" extention="Label">
  <displayList>
    <image id="n0" name="n0" src="dwwc2" xy="0,0">
      <relation target="" sidePair="width-width,height-height"/>
    </image>
    <graph id="n3" name="dragArea" xy="10,1" size="500,40">
      <relation target="" sidePair="width-width"/>
    </graph>
    <text id="n1" name="title" xy="101,11" size="412,26" fontSize="22" color="#ffffff" align="center" autoSize="none" strokeColor="#000000" text="窗口标题">
      <relation target="" sidePair="width-width"/>
    </text>
    <component id="n2" name="closeButton" src="dwwc4" xy="509,-9">
      <relation target="" sidePair="left-right"/>
    </component>
  </displayList>
</component>