<component size="60,74" extention="Button">
  <controller name="button" pages="0,up,1,down,2,over,3,selectedOver" selected="3"/>
  <controller name="c1" pages="0,,1," selected="1"/>
  <displayList>
    <image id="n1" name="n1" src="dwwc5" xy="0,0" size="61,74">
      <gearDisplay controller="c1" pages="0"/>
    </image>
    <image id="n3" name="n3" src="dwwc5" xy="0,0" size="60,74">
      <gearDisplay controller="c1" pages="0"/>
      <gearSize controller="button" pages="0,1,2,3" values="-|64,80|-|-" default="60,74"/>
    </image>
    <image id="n4" name="n4" src="dwwc6" xy="2,13" size="55,47">
      <gearDisplay controller="c1" pages="1"/>
      <gearXY controller="button" pages="0,1,2,3" values="0,10|2,13|0,10|2,13" default="0,8"/>
      <gearSize controller="button" pages="0,1,2,3" values="61,53|-|61,53|-" default="55,47"/>
    </image>
  </displayList>
  <Button/>
</component>