<component size="100,100" extention="Button">
  <controller name="button" pages="0,up,1,down,2,over,3,selectedOver" selected="0"/>
  <displayList>
    <image id="n13" name="n13" src="jlmg8" xy="5,4"/>
    <loader id="n4" name="icon" xy="6,6" size="88,88" align="center" vAlign="middle" fill="scale"/>
    <image id="n12" name="n12" src="jlmg9" xy="0,0"/>
    <text id="n6" name="title" xy="9,66" size="84,30" fontSize="22" color="#ff0000" align="right" vAlign="middle" autoSize="none" text=""/>
  </displayList>
  <Button mode="Radio"/>
</component>